geoid,county_state,year,population,median_income,median_monthly_rent_cost,median_monthly_home_cost,prop_female,prop_male,prop_poverty
01,Alabama,2008,4661900,42666,631,742,0.5154499238507905,0.48455007614920953,0.15695140822184195
02,Alaska,2008,686293,68460,949,1393,0.4789994943850513,0.5210005056149487,0.08420040520586518
04,Arizona,2008,6500180,50958,866,1177,0.4986763443473873,0.5013236556526127,0.14718370420672222
05,Arkansas,2008,2855390,38815,606,660,0.510203509853295,0.489796490146705,0.17322446643154377
06,California,2008,36756666,61021,1135,1919,0.4998588011219516,0.5001411988780484,0.13278281422639623
08,Colorado,2008,4939456,56993,848,1364,0.4963327945425569,0.503667205457443,0.11434179467039583
09,Connecticut,2008,3501252,68595,970,1722,0.511804063232238,0.4881959367677619,0.09284491390331985
10,Delaware,2008,873092,57989,917,1209,0.5159055403096122,0.4840944596903877,0.10001269345769788
11,District of Columbia,2008,591833,57936,1011,1826,0.5271656024588017,0.47283439754119827,0.17222544556252825
12,Florida,2008,18328340,47778,947,1152,0.509136943116507,0.490863056883493,0.1322738443192096
13,Georgia,2008,9685744,50861,787,1106,0.5077634717580808,0.49223652824191927,0.14661630105374077
15,Hawaii,2008,1288198,67214,1298,1645,0.49578015180896107,0.5042198481910389,0.09133017399623354
16,Idaho,2008,1523816,47576,690,946,0.4971026685636586,0.5028973314363414,0.126125394047416
17,Illinois,2008,12901564,56235,811,1293,0.507526839381644,0.49247316061835605,0.12191436289350462
18,Indiana,2008,6376792,47966,670,916,0.5082031842970572,0.4917968157029428,0.13075146315062539
19,Iowa,2008,3002557,48980,607,823,0.5069325911215008,0.4930674088784992,0.11549711635682963
20,Kansas,2008,2802134,50177,654,887,0.5041821697320685,0.4958178302679315,0.11318269693725953
21,Kentucky,2008,4269245,41538,578,728,0.5112058455300644,0.48879415446993557,0.17342756911725915
22,Louisiana,2008,4410796,43733,698,709,0.514914768218707,0.485085231781293,0.17347585266144497
23,Maine,2008,1316456,46581,702,973,0.5133684680688151,0.4866315319311849,0.12319627048084336
24,Maryland,2008,5633597,70545,1074,1658,0.5157568068855476,0.48424319311445246,0.08060123880141605
25,Massachusetts,2008,6497967,65401,991,1697,0.5148935043837557,0.4851064956162443,0.09992257104935362
26,Michigan,2008,10003422,48591,706,1045,0.5083239515437817,0.49167604845621826,0.14435443562985636
27,Minnesota,2008,5220393,57288,734,1225,0.5026573669836735,0.49734263301632653,0.09643730203195462
28,Mississippi,2008,2938618,37790,638,653,0.5141113952204743,0.4858886047795256,0.21192577171420418
29,Missouri,2008,5911605,46867,657,886,0.5118768929926814,0.48812310700731865,0.13384434373244375
30,Montana,2008,967440,43654,631,758,0.5025469279748614,0.4974530720251385,0.14817144178331357
31,Nebraska,2008,1783432,49693,626,917,0.504858609691875,0.495141390308125,0.10810490043282023
32,Nevada,2008,2600167,56361,1011,1543,0.49066886857651837,0.5093311314234816,0.1130728708025841
33,New Hampshire,2008,1315809,63731,914,1534,0.5079711417082571,0.492028858291743,0.07605936134185379
34,New Jersey,2008,8682661,70378,1068,1905,0.5102926395490968,0.48970736045090324,0.08718803671466364
35,New Mexico,2008,1984356,43508,668,794,0.5064413845096344,0.4935586154903656,0.17140424471059448
36,New York,2008,19490297,56033,953,1345,0.5145287934811871,0.4854712065188129,0.1361228625037234
37,North Carolina,2008,9222414,46549,694,937,0.5108583284159657,0.48914167158403427,0.1455069051932816
38,North Dakota,2008,641481,45685,534,721,0.4965322433556099,0.5034677566443901,0.11963042644602315
39,Ohio,2008,11485910,47988,667,998,0.5124441163129434,0.4875558836870566,0.1335605896574802
40,Oklahoma,2008,3642361,42822,614,733,0.5072078248147287,0.4927921751852713,0.15938638910510916
41,Oregon,2008,3790060,50169,780,1258,0.5027171073808858,0.49728289261911424,0.136182535638123
42,Pennsylvania,2008,12448279,50713,726,980,0.513489294383585,0.4865107056164149,0.12141270557888849
44,Rhode Island,2008,1050788,55701,850,1579,0.5176439015291381,0.48235609847086186,0.11703593724703551
45,South Carolina,2008,4479800,44625,675,799,0.5135396669494174,0.4864603330505826,0.15660717635406407
46,South Dakota,2008,804194,46032,569,789,0.5006304448926503,0.4993695551073497,0.12454549092143527
47,Tennessee,2008,6214888,43614,660,824,0.5129974989090712,0.48700250109092874,0.15485897846695923
48,Texas,2008,24326974,50043,768,1010,0.5006677772582813,0.49933222274171873,0.1584819356147368
49,Utah,2008,2736424,56633,784,1196,0.4957250776926383,0.5042749223073617,0.09559461640493837
50,Vermont,2008,621270,52104,797,1170,0.5086162216105719,0.4913837783894281,0.10553012681023487
51,Virginia,2008,7769089,61233,934,1311,0.508016319545316,0.49198368045468394,0.10215359822855785
53,Washington,2008,6549224,58078,874,1428,0.5010862355601213,0.49891376443987867,0.1134793045868778
54,West Virginia,2008,1814468,37989,528,503,0.5105050075283775,0.48949499247162254,0.17011610012221065
55,Wisconsin,2008,5627968,52094,704,1119,0.5028463203770881,0.49715367962291185,0.10396185477346019
56,Wyoming,2008,532668,53207,636,869,0.4944562091208783,0.5055437908791217,0.094095314525588
72,Puerto Rico,2008,3954037,18401,429,276,0.5204966468447311,0.47950335315526893,0.4479772735647809
01,Alabama,2009,4708708,40489,657,751,0.5156242434230366,0.48437575657696336,0.17535426253661282
02,Alaska,2009,698473,66953,1007,1384,0.4836049496544605,0.5163950503455395,0.09034571490536508
04,Arizona,2009,6595778,48745,859,1158,0.498607290906395,0.501392709093605,0.16522268216203112
05,Arkansas,2009,2889450,37823,606,653,0.5108048244475593,0.4891951755524408,0.18794279230350355
06,California,2009,36961664,58931,1155,1852,0.49901127286910024,0.5009887271308997,0.14166613724139418
08,Colorado,2009,5024748,55430,851,1352,0.4966746591072826,0.5033253408927174,0.12901751676458761
09,Connecticut,2009,3518288,67034,1006,1708,0.5122110526483336,0.4877889473516665,0.09400683480253533
10,Delaware,2009,885122,56860,949,1234,0.5154735731345509,0.48452642686544906,0.10830898101215836
11,District of Columbia,2009,599657,59290,1059,1841,0.5303164975977934,0.4696835024022066,0.18400681993990453
12,Florida,2009,18537969,44736,952,1125,0.5085044645397778,0.49149553546022223,0.14940449789512034
13,Georgia,2009,9829211,47590,800,1092,0.5089201971551939,0.4910798028448062,0.165131735284846
15,Hawaii,2009,1295178,64098,1293,1672,0.4945428350388904,0.5054571649611096,0.10362821764243373
16,Idaho,2009,1545801,44926,694,957,0.497701191809295,0.502298808190705,0.14293792784152914
17,Illinois,2009,12910409,53966,828,1267,0.5074431026933384,0.49255689730666163,0.13337412006393015
18,Indiana,2009,6423113,45424,687,896,0.5080570745057731,0.49194292549422686,0.1440170218341116
19,Iowa,2009,3007857,48044,611,821,0.5068392546587155,0.4931607453412845,0.11803185477153859
20,Kansas,2009,2818747,47817,671,883,0.5040814234126014,0.4959185765873986,0.1335803431423673
21,Kentucky,2009,4314113,40072,613,737,0.5105547768452054,0.4894452231547945,0.18561905175827004
22,Louisiana,2009,4492076,42492,715,694,0.5143140944187053,0.4856859055812947,0.17296767107706065
23,Maine,2009,1318301,45734,722,952,0.5123852595120538,0.48761474048794623,0.1230671853098279
24,Maryland,2009,5699478,69272,1108,1689,0.5147532809144978,0.4852467190855022,0.09088963142360887
25,Massachusetts,2009,6593587,64081,988,1694,0.5140763290148442,0.4859236709851557,0.10289659064113152
26,Michigan,2009,9969727,45255,716,1002,0.5081937549543734,0.49180624504562664,0.16195007652730284
27,Minnesota,2009,5266215,55616,757,1204,0.5033729158418333,0.49662708415816675,0.10968280382884366
28,Mississippi,2009,2951996,36646,644,654,0.5139011028470228,0.48609889715297716,0.21920174417686122
29,Missouri,2009,5987580,45229,668,884,0.510910417898383,0.489089582101617,0.14591441393985194
30,Montana,2009,974989,42322,627,783,0.501946175803009,0.49805382419699096,0.1511391867344793
31,Nebraska,2009,1796622,47357,644,904,0.5041294162044103,0.49587058379558974,0.12347705499476516
32,Nevada,2009,2643085,53341,993,1471,0.4905653809847205,0.5094346190152795,0.12351528633071665
33,New Hampshire,2009,1324575,60567,918,1495,0.50643866900704,0.49356133099296,0.08501792014248927
34,New Jersey,2009,8707740,68342,1108,1922,0.5099263413928298,0.49007365860717017,0.09366827020006659
35,New Mexico,2009,2009671,43028,680,763,0.5078726816478916,0.4921273183521084,0.1796646271133563
36,New York,2009,19541453,54659,984,1352,0.5139965794764596,0.4860034205235404,0.1415655077004231
37,North Carolina,2009,9380884,43674,720,940,0.5117567811306483,0.48824321886935174,0.16251346203826142
38,North Dakota,2009,646844,47827,564,714,0.49944190562175733,0.5005580943782426,0.11652634173135251
39,Ohio,2009,11542645,45395,670,975,0.512051094008349,0.48794890599165097,0.15233414160883438
40,Oklahoma,2009,3687050,41664,636,716,0.5067148533380345,0.49328514666196555,0.16209939749405544
41,Oregon,2009,3825657,48457,819,1246,0.5046058755398093,0.49539412446019077,0.14261373412884198
42,Pennsylvania,2009,12604767,49520,738,979,0.5131921121588364,0.4868078878411636,0.12466877644743572
44,Rhode Island,2009,1053209,54119,890,1542,0.5148341877063337,0.4851658122936663,0.11458283079001287
45,South Carolina,2009,4561242,42442,706,812,0.513477031036722,0.48652296896327796,0.17065045544809104
46,South Dakota,2009,812383,45043,562,769,0.5026459194739427,0.4973540805260573,0.14220192276981058
47,Tennessee,2009,6296254,41725,682,835,0.5119148623927815,0.4880851376072185,0.17132014555008793
48,Texas,2009,24782302,48259,788,1005,0.5010067668451462,0.49899323315485383,0.1716662760624882
49,Utah,2009,2784572,55117,793,1200,0.49591211863079854,0.5040878813692015,0.11533374961156281
50,Vermont,2009,621760,51618,829,1183,0.5073484945959856,0.4926515054040144,0.11369709651408427
51,Virginia,2009,7882590,59330,989,1335,0.5088196899749955,0.49118031002500445,0.1052735824010695
53,Washington,2009,6664195,56548,911,1420,0.5005326224697807,0.4994673775302193,0.12314781467856867
54,West Virginia,2009,1819777,37435,552,490,0.5091145783247069,0.4908854216752932,0.17691685468352486
55,Wisconsin,2009,5654774,49993,708,1109,0.5030300061505553,0.49696999384944474,0.12434994072794993
56,Wyoming,2009,544270,52664,700,869,0.48741066015029305,0.5125893398497069,0.09838824714801635
72,Puerto Rico,2009,3967288,18314,419,241,0.5197439661552173,0.48025603384478266,0.44963928412811943
01,Alabama,2010,4785298,40474,667,772,0.5147129813023139,0.48528701869768615,0.19033548533631028
02,Alaska,2010,713985,64576,981,1363,0.47836999376737604,0.5216300062326239,0.09942137303357242
04,Arizona,2010,6413737,46789,844,1119,0.5025209172125392,0.4974790827874607,0.17444664056195383
05,Arkansas,2010,2921606,38307,638,657,0.5102566875889494,0.4897433124110506,0.18835776347472602
06,California,2010,37349363,57708,1163,1790,0.5027892443573937,0.49721075564260625,0.15803525840690494
08,Colorado,2010,5049071,54046,863,1327,0.49864796910164266,0.5013520308983573,0.13371751079916452
09,Connecticut,2010,3577073,64032,992,1704,0.5138712573100969,0.4861287426899032,0.10099432445037852
10,Delaware,2010,899769,55847,952,1242,0.5147554538998342,0.4852445461001657,0.11829408192185707
11,District of Columbia,2010,604453,60903,1198,1869,0.5272932717680283,0.47270672823197174,0.19164975050485766
12,Florida,2010,18843326,44409,947,1087,0.5110975631372083,0.4889024368627916,0.16528600318016348
13,Georgia,2010,9712587,46430,819,1106,0.5116899338971173,0.4883100661028828,0.17878149734950258
15,Hawaii,2010,1363621,63030,1291,1618,0.49833054785750586,0.5016694521424941,0.10719835219806194
16,Idaho,2010,1571450,43490,683,923,0.4988666518183843,0.5011333481816157,0.15712970049161404
17,Illinois,2010,12843166,52972,848,1254,0.5099001289868869,0.49009987101311314,0.13805691684517274
18,Indiana,2010,6490621,44613,683,867,0.5074240199820633,0.4925759800179367,0.15295697758823415
19,Iowa,2010,3049883,47961,629,819,0.5062502397632959,0.49374976023670414,0.12558490786038204
20,Kansas,2010,2859169,48257,682,882,0.5043545869446682,0.49564541305533183,0.13602944488182592
21,Kentucky,2010,4346266,40062,613,741,0.5075098947004164,0.4924901052995836,0.18982299971795524
22,Louisiana,2010,4544228,42505,736,705,0.5099246780751318,0.4900753219248682,0.18694258352609602
23,Maine,2010,1327567,45815,707,949,0.5112193960832109,0.4887806039167891,0.1293429604674976
24,Maryland,2010,5785982,68854,1131,1672,0.5161414259498215,0.4838585740501785,0.09871680905542539
25,Massachusetts,2010,6557254,62072,1009,1650,0.5165404603817391,0.48345953961826094,0.1144912436207402
26,Michigan,2010,9877574,45413,730,969,0.5091142825151196,0.4908857174848804,0.16758303181635403
27,Minnesota,2010,5310584,55459,764,1180,0.5037462923098477,0.49625370769015237,0.11553148847606567
28,Mississippi,2010,2970036,36851,672,650,0.514643930241923,0.485356069758077,0.22391304196628592
29,Missouri,2010,5996231,44301,682,876,0.5109623028198881,0.489037697180112,0.1527316267240899
30,Montana,2010,990898,42666,642,794,0.4961792232903891,0.5038207767096109,0.14615623078685633
31,Nebraska,2010,1830429,48408,669,893,0.5047390529761056,0.4952609470238944,0.12944904924427109
32,Nevada,2010,2704642,51001,952,1366,0.4951280058506819,0.504871994149318,0.14926038620567586
33,New Hampshire,2010,1316759,61042,951,1492,0.5083770074858042,0.49162299251419583,0.08286451503743497
34,New Jersey,2010,8801624,67681,1114,1907,0.5132660745335179,0.4867339254664821,0.1025661088985552
35,New Mexico,2010,2065932,42090,699,794,0.5057939951556972,0.4942060048443027,0.20439953060083488
36,New York,2010,19392283,54148,1020,1362,0.5159139333929894,0.48408606660701065,0.14944377088540617
37,North Carolina,2010,9561558,43326,731,951,0.5129291690747471,0.487070830925253,0.17492532956714846
38,North Dakota,2010,674499,48670,583,684,0.490814663920925,0.509185336079075,0.13032398701288733
39,Ohio,2010,11536182,45090,685,963,0.5119600228221087,0.48803997717789127,0.15848881186219757
40,Oklahoma,2010,3761702,42072,659,747,0.5065411880047914,0.4934588119952086,0.16908021143732577
41,Oregon,2010,3838957,46560,816,1228,0.5045047391778548,0.4954952608221452,0.15836984279268884
42,Pennsylvania,2010,12709630,49288,763,968,0.512802103601757,0.4871978963982429,0.13401008459661817
44,Rhode Island,2010,1052886,52254,868,1555,0.5173285616866403,0.4826714383133597,0.1404742145820984
45,South Carolina,2010,4636312,42018,728,838,0.5140458623147018,0.48595413768529816,0.18152636983977044
46,South Dakota,2010,816463,45904,591,777,0.49640093917299377,0.5035990608270062,0.1443240897915065
47,Tennessee,2010,6356897,41461,697,836,0.5131225187383089,0.48687748126169106,0.17682724466999833
48,Texas,2010,25257114,48615,801,1016,0.5038340484981776,0.4961659515018224,0.1790651876752809
49,Utah,2010,2776469,54744,796,1208,0.49653714844286034,0.5034628515571397,0.1315819932487869
50,Vermont,2010,625960,49406,823,1155,0.5076810019809572,0.4923189980190428,0.12707331280685696
51,Virginia,2010,8024617,60674,1019,1326,0.5087669604667737,0.49123303953322633,0.11078388846154588
53,Washington,2010,6744496,55631,908,1394,0.5020498195862226,0.4979501804137774,0.13433018103901467
54,West Virginia,2010,1853973,38218,571,491,0.5074577677236939,0.49254223227630606,0.18139680881797374
55,Wisconsin,2010,5691047,49001,715,1090,0.5033955966274747,0.4966044033725253,0.13213602434913235
56,Wyoming,2010,564460,53512,693,858,0.4914555504375864,0.5085444495624136,0.1117306575700392
72,Puerto Rico,2010,3722133,18862,429,260,0.5203648015801692,0.47963519841983077,0.4503291206004996
01,Alabama,2011,4802740,41415,687,774,0.5160235615502817,0.48397643844971827,0.19040193814731224
02,Alaska,2011,722718,67825,1049,1346,0.4840089772220977,0.5159910227779023,0.10455394278923691
04,Arizona,2011,6482505,46709,850,1056,0.501965058260657,0.49803494173934304,0.18993303662666583
05,Arkansas,2011,2937979,38758,639,674,0.5071952522465273,0.4928047477534727,0.19458928126978925
06,California,2011,37691912,57287,1174,1740,0.5025274387778471,0.4974725612221529,0.1656330038621966
08,Colorado,2011,5116796,55387,900,1306,0.49790142112368757,0.5020985788763125,0.13478163693532033
09,Connecticut,2011,3580709,65753,1021,1683,0.5130028717776284,0.4869971282223716,0.10883569973172433
10,Delaware,2011,907135,58814,960,1231,0.5150468232402013,0.4849531767597987,0.11880845874610275
11,District of Columbia,2011,617996,63124,1216,1874,0.527047100628483,0.47295289937151697,0.18707865264641632
12,Florida,2011,19057542,44299,949,1048,0.5108944794664495,0.48910552053355044,0.17013973311361852
13,Georgia,2011,9815210,46007,833,1070,0.5100465502011674,0.48995344979883265,0.19138127075137448
15,Hawaii,2011,1374810,61821,1308,1582,0.49913078898175023,0.5008692110182498,0.1204966893106908
16,Idaho,2011,1584985,43341,689,920,0.4984722252891983,0.5015277747108017,0.16452484449209784
17,Illinois,2011,12869259,53234,859,1237,0.5097380509631518,0.4902619490368482,0.14959639255906423
18,Indiana,2011,6516922,46438,707,860,0.5079839838500445,0.49201601614995544,0.15999782875044588
19,Iowa,2011,3062309,49427,643,829,0.5061729564194861,0.49382704358051394,0.1278390283175676
20,Kansas,2011,2871238,48964,709,894,0.5043294913204688,0.4956705086795313,0.13759847570110392
21,Kentucky,2011,4369356,41141,626,745,0.5093681997987805,0.4906318002012196,0.19141642971929906
22,Louisiana,2011,4574836,41734,747,694,0.5112137353120418,0.4887862646879582,0.20434044180501193
23,Maine,2011,1328188,46033,747,950,0.5098013233066403,0.49019867669335965,0.14125188712112413
24,Maryland,2011,5828289,70004,1153,1647,0.51611665104458615,0.48388334895541385,0.10058848857391514
25,Massachusetts,2011,6587536,62859,1034,1655,0.5160870468108257,0.4839129531891742,0.11598819440038145
26,Michigan,2011,9876187,45981,739,947,0.5090537471597085,0.4909462528402915,0.17535712584375318
27,Minnesota,2011,5344861,56954,787,1176,0.502985952300724,0.497014047699276,0.11909302647975435
28,Mississippi,2011,2978512,36919,689,643,0.5143098298747831,0.48569017012521687,0.22554629249206457
29,Missouri,2011,6010688,45247,708,898,0.5099136737757808,0.49008632622421927,0.15778329186337034
30,Montana,2011,998199,44222,650,809,0.49878631415178737,0.5012136858482126,0.1478955878955879
31,Nebraska,2011,1842641,50296,673,909,0.5047890500645541,0.4952109499354459,0.13117603498623745
32,Nevada,2011,2723322,48927,936,1260,0.49592813482944725,0.5040718651705527,0.15896266617396823
33,New Hampshire,2011,1318194,62647,939,1513,0.506096978138271,0.493903021861729,0.0881193134644341
34,New Jersey,2011,8821155,67458,1135,1918,0.5127007744450698,0.48729922555493016,0.10378361174315101
35,New Mexico,2011,2082224,41963,729,785,0.5021870845787966,0.4978129154212035,0.21537700792644415
36,New York,2011,19465197,55246,1058,1368,0.5151342675853731,0.484865732414627,0.15972011038910747
37,North Carolina,2011,9656401,43916,745,943,0.5145351772363224,0.4854648227636777,0.17871005075328317
38,North Dakota,2011,683932,51704,626,727,0.49710789961575125,0.5028921003842487,0.12246072133153059
39,Ohio,2011,11544951,45749,692,955,0.5113424041383978,0.4886575958616022,0.16430375061720726
40,Oklahoma,2011,3791508,43225,675,756,0.5047239779000862,0.4952760220999138,0.17214218070283593
41,Oregon,2011,3871859,46816,840,1192,0.5056338570180371,0.4943661429819629,0.17455082252894077
42,Pennsylvania,2011,12742886,50228,786,980,0.5121326518969094,0.4878673481030906,0.13756636416595408
44,Rhode Island,2011,1051302,53636,875,1522,0.5164129812366,0.48358701876340004,0.14735415237127714
45,South Carolina,2011,4679230,42367,741,823,0.5139623399576426,0.4860376600423574,0.18882365150988323
46,South Dakota,2011,824082,48321,612,791,0.5018638921854864,0.4981361078145136,0.13924380277579282
47,Tennessee,2011,6403353,41693,715,832,0.51291909098249,0.48708090901751006,0.1828737604820712
48,Texas,2011,25674681,49392,813,1001,0.5037460445954518,0.49625395540454814,0.18462506169946502
49,Utah,2011,2817222,55869,822,1177,0.49679542471271343,0.5032045752872866,0.13526252966069893
50,Vermont,2011,626431,52776,849,1174,0.5076983738033398,0.4923016261966601,0.11488833004011736
51,Virginia,2011,8096604,61882,1062,1302,0.508586686467561,0.49141331353243906,0.11534014184873932
53,Washington,2011,6830038,56835,930,1378,0.5010187351812684,0.4989812648187316,0.13896334016392523
54,West Virginia,2011,1855364,38482,599,508,0.5071188187331435,0.49288118126685654,0.18577320674227737
55,Wisconsin,2011,5711767,50395,739,1086,0.503633113885773,0.496366886114227,0.13067183931006135
56,Wyoming,2011,568158,56322,759,894,0.4906064862239025,0.5093935137760975,0.11298469820354529
72,Puerto Rico,2011,3706690,18660,442,271,0.5224245890538459,0.47757541094615413,0.45576497308072517
01,Alabama,2012,4822023,41574,689,725,0.5154956747406638,0.4845043252593362,0.18962570039630522
02,Alaska,2012,731449,67712,1120,1364,0.47898759858855505,0.521012401411445,0.10117270908094934
04,Arizona,2012,6553255,47826,888,969,0.502432455321821,0.497567544678179,0.1866044457094706
05,Arkansas,2012,2949131,40112,640,647,0.5085789678383226,0.4914210321616775,0.1982707048764126
06,California,2012,38041430,58328,1200,1682,0.5027060496937155,0.4972939503062845,0.16956475071110397
08,Colorado,2012,5187582,56765,934,1281,0.4985390110459941,0.5014609889540059,0.13707482100763632
09,Connecticut,2012,3590347,67276,1019,1668,0.5126359652702093,0.48736403472979073,0.10688030290071288
10,Delaware,2012,917092,58415,960,1215,0.5151075355580466,0.4848924644419535,0.1204697677656056
11,District of Columbia,2012,632323,66583,1235,1925,0.5270834684172487,0.4729165315827512,0.18178018593967074
12,Florida,2012,19317568,45040,954,992,0.511273831157214,0.488726168842786,0.1712404280792592
13,Georgia,2012,9919945,47209,837,1039,0.5109798491826315,0.48902015081736844,0.1915063056611921
15,Hawaii,2012,1392313,66259,1379,1646,0.49638048341141683,0.5036195165885832,0.11589066215023046
16,Idaho,2012,1595728,45489,702,913,0.4994685811115679,0.5005314188884321,0.1587302804004571
17,Illinois,2012,12875255,55137,868,1215,0.5093958915765163,0.4906041084234837,0.1471774841343136
18,Indiana,2012,6537334,46974,715,834,0.507881194382909,0.492118805617091,0.1561430071756488
19,Iowa,2012,3074186,50957,661,817,0.5042242076439096,0.4957757923560904,0.12691844093839572
20,Kansas,2012,2885905,50241,711,892,0.5028883487155675,0.49711165128443247,0.13979481173232383
21,Kentucky,2012,4380415,41724,636,732,0.508051406088236,0.49194859391176404,0.19382553236876995
22,Louisiana,2012,4601893,42944,747,689,0.5113124099147894,0.48868759008521057,0.19949735436718405
23,Maine,2012,1329192,46709,744,933,0.5104439388741431,0.4895560611258569,0.1467277226842485
24,Maryland,2012,5884563,71122,1170,1589,0.5158024478623137,0.48419755213768634,0.10284770765496057
25,Massachusetts,2012,6646144,65339,1036,1621,0.5155457059010458,0.48445429409895424,0.11888905621128266
26,Michigan,2012,9883360,46859,748,902,0.5091316111120104,0.4908683888879895,0.17438119324155402
27,Minnesota,2012,5379139,58906,813,1130,0.5035002813647315,0.4964997186352686,0.11381407273459741
28,Mississippi,2012,2984926,37095,666,625,0.516881825546094,0.48311817445390604,0.24153530573629575
29,Missouri,2012,6021988,45321,706,861,0.5095322342057141,0.49046776579428586,0.1623485271003397
30,Montana,2012,1005141,45076,681,804,0.4991170393009538,0.5008829606990463,0.15521102515414126
31,Nebraska,2012,1855525,50723,692,918,0.5025133048598106,0.49748669514018945,0.12991975141373444
32,Nevada,2012,2758931,49760,944,1159,0.4955060492632835,0.5044939507367165,0.16436612698243375
33,New Hampshire,2012,1320718,63280,967,1466,0.5091397255129407,0.4908602744870593,0.10036194549021231
34,New Jersey,2012,8864590,69667,1148,1884,0.5125058237324005,0.4874941762675995,0.10756766850294529
35,New Mexico,2012,2085538,42558,753,760,0.503784155455331,0.49621584454466905,0.20845539222350787
36,New York,2012,19570261,56448,1079,1371,0.5152914925355364,0.48470850746446353,0.15867634519061624
37,North Carolina,2012,9752073,45150,756,903,0.5128167108675253,0.4871832891324747,0.18034880118345176
38,North Dakota,2012,699628,53585,644,708,0.4888840926892577,0.5111159073107423,0.11217718847984447
39,Ohio,2012,11544225,46829,700,925,0.5112158676740968,0.48878413232590323,0.1625144444676019
40,Oklahoma,2012,3814820,44312,686,742,0.5046143723688142,0.49538562763118577,0.17229426651634627
41,Oregon,2012,3899353,49161,862,1193,0.504330846681488,0.4956691533185121,0.1720571148113709
42,Pennsylvania,2012,12763536,51230,798,971,0.5119430070162375,0.4880569929837625,0.13706517967208162
44,Rhode Island,2012,1050292,54554,878,1500,0.5174341992512559,0.48256580074874417,0.13747057001392451
45,South Carolina,2012,4723723,43107,754,801,0.5139890717554776,0.48601092824452236,0.18270164742684147
46,South Dakota,2012,833354,48362,651,778,0.49864883350892897,0.501351166491071,0.13408511643520532
47,Tennessee,2012,6456243,42764,730,807,0.5129123857326932,0.48708761426730685,0.17937278847470312
48,Texas,2012,26059203,50740,831,988,0.503238145848129,0.496761854151871,0.17926362048898178
49,Utah,2012,2855287,57049,851,1156,0.49741374509812847,0.5025862549018715,0.12830165144938382
50,Vermont,2012,626011,52977,860,1159,0.5061045253198426,0.4938954746801574,0.11815608424712978
51,Virginia,2012,8185867,61741,1068,1273,0.5095149970064259,0.49048500299357417,0.11740158598385289
53,Washington,2012,6897012,57573,954,1356,0.5010260965183184,0.49897390348168164,0.13535742880661064
54,West Virginia,2012,1855413,40196,607,494,0.5086371605674855,0.49136283943251446,0.17769668058569865
55,Wisconsin,2012,5726398,51059,743,1060,0.5035732759057264,0.4964267240942736,0.13230544968055677
56,Wyoming,2012,576412,54901,742,839,0.4921410380075363,0.5078589619924637,0.12649324510860369
72,Puerto Rico,2012,3667084,19429,448,290,0.5207982691424576,0.4792017308575424,0.4492519315378663
01,Alabama,2013,4833722,42849,694,718,0.515514338640079,0.484485661359921,0.18730944285591605
02,Alaska,2013,735132,72237,1117,1311,0.47437467012726964,0.5256253298727304,0.09329040215268411
04,Arizona,2013,6626624,48510,890,943,0.5022977009107503,0.4977022990892497,0.18626284140764107
05,Arkansas,2013,2959373,40511,659,637,0.5061305215665616,0.4938694784334384,0.1967984993074262
06,California,2013,38332521,60190,1224,1612,0.502452604147794,0.49754739585220603,0.1683507216791511
08,Colorado,2013,5268367,58823,971,1235,0.4977616403716749,0.5022383596283251,0.1295644090094053
09,Connecticut,2013,3596080,67098,1040,1622,0.5128353651754133,0.4871646348245868,0.10727751249299569
10,Delaware,2013,925749,57846,999,1137,0.5162954537352997,0.4837045462647003,0.12365242657626938
11,District of Columbia,2013,646449,67572,1307,1836,0.5264173971960665,0.4735826028039335,0.18887425055738263
12,Florida,2013,19552860,46036,972,935,0.5107821055334104,0.48921789446658953,0.17006489823548937
13,Georgia,2013,9992167,47829,850,982,0.5117141256746409,0.488285874325359,0.18967023059765778
15,Hawaii,2013,1404054,68020,1414,1630,0.4936683346936799,0.5063316653063201,0.1084829438852582
16,Idaho,2013,1612136,46783,725,886,0.49701576045693413,0.5029842395430658,0.15575733569354183
17,Illinois,2013,12882135,56210,885,1156,0.5088719377649745,0.4911280622350255,0.14673133132114358
18,Indiana,2013,6570902,47529,730,822,0.5086087115589306,0.49139128844106944,0.15941340067117993
19,Iowa,2013,3090416,52229,679,806,0.5053190250115195,0.4946809749884805,0.12672754682167486
20,Kansas,2013,2893957,50972,745,856,0.50224519576483,0.49775480423517005,0.13989932148341835
21,Kentucky,2013,4395295,43399,668,717,0.507867617531929,0.49213238246807095,0.18765369539272425
22,Louisiana,2013,4625470,44164,763,680,0.5121654664282764,0.4878345335717235,0.19755754685940277
23,Maine,2013,1328302,46974,760,904,0.5106579678416505,0.48934203215834954,0.1396160383111498
24,Maryland,2013,5928814,72483,1210,1540,0.5150536009394122,0.48494639906058784,0.10116705501697518
25,Massachusetts,2013,6692824,66768,1077,1581,0.5150367019960483,0.4849632980039517,0.11933856111564571
26,Michigan,2013,9895622,48273,768,869,0.5090618861553119,0.4909381138446881,0.17047766521437016
27,Minnesota,2013,5420380,60702,832,1095,0.5035967957966047,0.49640320420339534,0.11193935092703654
28,Mississippi,2013,2991207,37963,708,604,0.514833978390663,0.485166021609337,0.24048748897631048
29,Missouri,2013,6044171,46931,734,837,0.5102054524929887,0.4897945475070113,0.15885763014525314
30,Montana,2013,1015165,46972,690,779,0.5005560672403009,0.49944393275969917,0.16518928369891875
31,Nebraska,2013,1868516,51440,714,905,0.5048080936957458,0.4951919063042543,0.1318779553472335
32,Nevada,2013,2790136,51230,952,1083,0.4971327562527418,0.5028672437472582,0.15763671451777803
33,New Hampshire,2013,1323459,64230,995,1403,0.506851364492591,0.493148635507409,0.08702517442890582
34,New Jersey,2013,8899339,70165,1171,1820,0.5119020637375428,0.48809793626245723,0.11449923804696933
35,New Mexico,2013,2085287,43872,772,745,0.5040759377486168,0.49592406225138314,0.21925323237192493
36,New York,2013,19651127,57369,1109,1339,0.5147261019686047,0.48527389803139537,0.15969736133734483
37,North Carolina,2013,9848060,45906,778,890,0.5130029670818415,0.4869970329181585,0.17890565739809144
38,North Dakota,2013,723393,55759,690,744,0.4896895601699215,0.5103104398300785,0.11801506447302273
39,Ohio,2013,11570808,48081,709,898,0.510991540089508,0.48900845991049197,0.15974588472162204
40,Oklahoma,2013,3850568,45690,705,737,0.5047686471190744,0.4952313528809256,0.1678370167971949
41,Oregon,2013,3930065,50251,887,1156,0.5047929232722614,0.4952070767277386,0.16666480658189697
42,Pennsylvania,2013,12773801,52007,828,950,0.5112411724591608,0.48875882754083927,0.13683882208868658
44,Rhode Island,2013,1051511,55902,918,1429,0.5121315896837979,0.4878684103162021,0.1428988343208086
45,South Carolina,2013,4774839,44163,766,786,0.5138728237747912,0.48612717622520885,0.18575495795264088
46,South Dakota,2013,844877,48947,637,775,0.49796242529977736,0.5020375747002226,0.14165283314254726
47,Tennessee,2013,6495978,44297,748,792,0.5113671875120267,0.4886328124879733,0.1778562797786054
48,Texas,2013,26448193,51704,857,961,0.5029719421663325,0.4970280578336675,0.17535026882358284
49,Utah,2013,2900872,59770,881,1121,0.49713120744383066,0.5028687925561693,0.1266596460146578
50,Vermont,2013,626630,52578,865,1119,0.5074094760863668,0.4925905239136332,0.12291009031795505
51,Virginia,2013,8260405,62666,1086,1233,0.5084341506257866,0.4915658493742135,0.11718717230689951
53,Washington,2013,6971406,58405,989,1302,0.5014162136016752,0.4985837863983248,0.14149282166189653
54,West Virginia,2013,1854304,41253,620,503,0.5055643519077778,0.4944356480922222,0.1848152609235786
55,Wisconsin,2013,5742713,51467,758,1027,0.5027608031256307,0.4972391968743693,0.13508392427443552
56,Wyoming,2013,582658,58752,780,880,0.4894140301858037,0.5105859698141963,0.1089728389076544
72,Puerto Rico,2013,3615086,19183,448,283,0.5216932598560587,0.47830674014394126,0.45420190343457456
01,Alabama,2014,4849377,42830,717,733,0.5158204858067336,0.4841795141932665,0.1925257675806216
02,Alaska,2014,736732,71583,1183,1366,0.47663193671511483,0.5233680632848852,0.11233721087383294
04,Arizona,2014,6731484,50068,916,931,0.5033864746614565,0.49661352533854347,0.18241194127394947
05,Arkansas,2014,2966369,41262,683,662,0.5089019606124524,0.49109803938754754,0.18866082801222123
06,California,2014,38802500,61933,1268,1613,0.5035253656336576,0.49647463436634237,0.16445245677456266
08,Colorado,2014,5355866,61303,1020,1250,0.49726169400055936,0.5027383059994406,0.12044453957678118
09,Connecticut,2014,3596677,70048,1076,1634,0.5122953770939119,0.487704622906088,0.10751918807193767
10,Delaware,2014,935614,59716,1024,1144,0.5147518100413204,0.4852481899586795,0.1247874091232406
11,District of Columbia,2014,658893,71648,1360,1786,0.5255178003105209,0.4744821996894792,0.17725646976664472
12,Florida,2014,19893297,47463,1003,933,0.5112812119579776,0.4887187880420224,0.16495019827726562
13,Georgia,2014,10097343,49321,882,989,0.5125510740795871,0.48744892592041295,0.18302064392414427
15,Hawaii,2014,1419561,69592,1448,1546,0.49469378209178755,0.5053062179082125,0.11358787190064676
16,Idaho,2014,1634464,47861,755,854,0.5001113514889285,0.4998886485110715,0.14845207640527658
17,Illinois,2014,12880580,57444,905,1163,0.5092918952407423,0.49070810475925775,0.14353776787628994
18,Indiana,2014,6596855,49446,753,840,0.5082537057431155,0.49174629425688454,0.15242495454872595
19,Iowa,2014,3107126,53712,711,843,0.5028199693221325,0.4971800306778676,0.12240715614753048
20,Kansas,2014,2904021,52504,773,894,0.5024330058219276,0.49756699417807243,0.1356446427362569
21,Kentucky,2014,4413457,42958,678,754,0.5073798158676973,0.49262018413230263,0.19122183657559516
22,Louisiana,2014,4649676,44555,801,686,0.5113388545782545,0.4886611454217455,0.19841076457472295
23,Maine,2014,1330089,49462,776,944,0.5130987475274211,0.4869012524725789,0.1412594502820305
24,Maryland,2014,5976407,73971,1242,1560,0.5154223934213316,0.48457760657866844,0.10107624580211355
25,Massachusetts,2014,6745408,69160,1107,1599,0.5152733533686917,0.48472664663130827,0.11632460130095648
26,Michigan,2014,9909877,49847,788,887,0.5090497086896235,0.4909502913103765,0.1619571071398597
27,Minnesota,2014,5457173,61481,859,1105,0.5028885835211748,0.49711141647882523,0.11464567059074154
28,Mississippi,2014,2994079,39680,711,644,0.5130963478251576,0.48690365217484244,0.21520271320372858
29,Missouri,2014,6063589,48363,754,861,0.5101064732454657,0.4898935267545343,0.15456384773531645
30,Montana,2014,1023579,46328,711,785,0.4984178065396027,0.5015821934603973,0.15426994484704676
31,Nebraska,2014,1881503,52686,742,920,0.5024206711336628,0.49757932886633716,0.1243407848824011
32,Nevada,2014,2839099,51450,955,1054,0.49746592140675616,0.5025340785932438,0.15236178076870344
33,New Hampshire,2014,1326813,66532,994,1434,0.5064760444765012,0.4935239555234988,0.0916369968559321
34,New Jersey,2014,8938175,71919,1202,1831,0.5118252887194533,0.4881747112805466,0.11103462057696054
35,New Mexico,2014,2085572,44803,777,767,0.5047982040418648,0.49520179595813524,0.21322301120739173
36,New York,2014,19746227,58878,1148,1362,0.5151322326032208,0.4848677673967791,0.15929137358644896
37,North Carolina,2014,9943964,46556,803,902,0.5130309200636688,0.4869690799363312,0.17217514115549712
38,North Dakota,2014,739482,59029,728,743,0.4910978225298249,0.5089021774701751,0.11545046789830299
39,Ohio,2014,11594163,49308,735,907,0.5103927726391289,0.48960722736087114,0.158364329476341
40,Oklahoma,2014,3878051,47529,737,752,0.5047610255770231,0.49523897442297693,0.1659362093588086
41,Oregon,2014,3970239,51075,924,1134,0.5052456539770024,0.4947543460229976,0.16552051830305833
42,Pennsylvania,2014,12787209,53234,848,968,0.5109761637586435,0.4890238362413565,0.13597657229772336
44,Rhode Island,2014,1055173,54891,934,1425,0.5151032105635758,0.48489678943642417,0.14335182714602893
45,South Carolina,2014,4832482,45238,791,786,0.5134262269367997,0.4865737730632002,0.17986656546428087
46,South Dakota,2014,853175,50979,647,781,0.4990699446186304,0.5009300553813696,0.14173559784223888
47,Tennessee,2014,6549352,44361,770,807,0.5128985279765083,0.4871014720234918,0.1833989048741103
48,Texas,2014,26956958,53035,896,986,0.5034930499205437,0.4965069500794563,0.17174129004940614
49,Utah,2014,2942902,60922,886,1134,0.49725576998486526,0.5027442300151347,0.11729741780035766
50,Vermont,2014,626562,54166,917,1155,0.5076049935999949,0.4923950064000051,0.12154651149265809
51,Virginia,2014,8326289,64902,1116,1244,0.5084639747671502,0.49153602523284984,0.11799004987438586
53,Washington,2014,7061530,61366,1032,1293,0.5001654032483045,0.49983459675169545,0.13187552514192996
54,West Virginia,2014,1850326,41059,656,495,0.5056622454637724,0.4943377545362277,0.18280720756697486
55,Wisconsin,2014,5757564,52622,782,1047,0.5036126389563363,0.4963873610436636,0.1317519130055826
56,Wyoming,2014,584153,57055,792,887,0.4912617071212508,0.5087382928787493,0.11185497124435893
72,Puerto Rico,2014,3548397,18928,467,293,0.5196659223869257,0.4803340776130743,0.4621144774171818
01,Alabama,2015,4858979,44765,729,724,0.5157809902039091,0.4842190097960909,0.18495658983437185
02,Alaska,2015,738432,73355,1163,1360,0.4736211323452938,0.5263788676547062,0.1034067969449127
04,Arizona,2015,6828065,51492,933,976,0.5039026429888995,0.4960973570111005,0.1737251572124367
05,Arkansas,2015,2978204,41995,695,663,0.5085709373837387,0.49142906261626135,0.19066288417320182
06,California,2015,39144818,64500,1311,1648,0.5033682874703875,0.49663171252961247,0.15343687832954672
08,Colorado,2015,5456574,63909,1111,1273,0.4976664845010807,0.5023335154989192,0.11490503627787606
09,Connecticut,2015,3590886,71346,1108,1648,0.5120805840118566,0.4879194159881433,0.1054053914296516
10,Delaware,2015,945934,61255,1049,1137,0.5156025684667218,0.48439743153327824,0.12425640106263344
11,District of Columbia,2015,672228,75628,1417,1910,0.5244098728407623,0.47559012715923765,0.17319016279875304
12,Florida,2015,20271272,49426,1046,951,0.5120563721901615,0.48794362780983846,0.15702153757365092
13,Georgia,2015,10214860,51244,909,993,0.5129196092751149,0.4870803907248851,0.17046799579006441
15,Hawaii,2015,1431603,73486,1500,1576,0.49382964411222946,0.5061703558877706,0.10614860546537926
16,Idaho,2015,1654930,48275,770,883,0.5003903488365067,0.4996096511634933,0.15137696687536525
17,Illinois,2015,12859995,59588,936,1171,0.5092972431171241,0.4907027568828759,0.1356159543010817
18,Indiana,2015,6619680,50532,758,842,0.5085730730186353,0.49142692698136464,0.1454137785632789
19,Iowa,2015,3123899,54736,718,834,0.5040527878782253,0.4959472121217747,0.1215868699126322
20,Kansas,2015,2911641,53906,782,893,0.5022655608984762,0.4977344391015239,0.1303025175710002
21,Kentucky,2015,4425092,45215,702,737,0.5085092016165992,0.4914907983834008,0.1850934563971933
22,Louisiana,2015,4670724,45727,800,698,0.5105043672030289,0.4894956327969711,0.19595049241603563
23,Maine,2015,1329328,51494,792,962,0.5102563099551052,0.4897436900448949,0.1335038932835059
24,Maryland,2015,6006401,75847,1278,1580,0.5151259464694415,0.48487405353055846,0.09734739369875957
25,Massachusetts,2015,6794422,70628,1164,1650,0.5146924933423329,0.48530750665766714,0.11466727369531024
26,Michigan,2015,9922576,51084,803,880,0.508487816067118,0.49151218393288193,0.1577214417724333
27,Minnesota,2015,5489594,63488,888,1114,0.5026899985682002,0.4973100014317999,0.10182081968563302
28,Mississippi,2015,2992333,40593,724,636,0.5159312148748151,0.4840687851251849,0.21995878586429024
29,Missouri,2015,6083672,50238,763,869,0.5095651113340759,0.4904348886659241,0.14833952816069626
30,Montana,2015,1032949,49509,763,840,0.49752988772921025,0.5024701122707897,0.14615763991636624
31,Nebraska,2015,1896190,54996,750,941,0.5029037174544745,0.4970962825455255,0.12553495394213435
32,Nevada,2015,2890845,52431,980,1098,0.4992965724554585,0.5007034275445414,0.14672762966975295
33,New Hampshire,2015,1330608,70303,1017,1458,0.5057026562293327,0.49429734377066725,0.08233001568249926
34,New Jersey,2015,8958013,72222,1214,1854,0.5116224993198827,0.4883775006801173,0.10773853209703271
35,New Mexico,2015,2085109,45382,783,771,0.503554490436711,0.49644550956328903,0.2043766700857109
36,New York,2015,19795791,60850,1173,1381,0.5142102682332825,0.48578973176671747,0.1540171385521176
37,North Carolina,2015,10042802,47830,827,909,0.5124860571780664,0.48751394282193355,0.16423115537545022
38,North Dakota,2015,756928,60557,775,767,0.4872008962543333,0.5127991037456667,0.10961859783360725
39,Ohio,2015,11613423,51075,746,915,0.5105705699344629,0.4894294300655371,0.1482394509594222
40,Oklahoma,2015,3911338,48568,759,750,0.504119817821932,0.49588018217806795,0.1609235979897591
41,Oregon,2015,4028977,54148,943,1166,0.5055414811253577,0.49445851887464237,0.1535974628024707
42,Pennsylvania,2015,12802503,55702,868,987,0.5108576815018125,0.4891423184981874,0.13160280762129536
44,Rhode Island,2015,1056298,58073,938,1453,0.5155032008012891,0.48449679919871097,0.13876712881379613
45,South Carolina,2015,4896146,47238,819,807,0.5128625657813308,0.4871374342186691,0.1664612693846755
46,South Dakota,2015,858469,53017,675,824,0.49731440506296676,0.5026855949370332,0.1374939130518632
47,Tennessee,2015,6600299,47275,785,813,0.512947974023601,0.48705202597639896,0.16736587478287387
48,Texas,2015,27469114,55653,932,1016,0.503973335288499,0.4960266647115011,0.15851466965365643
49,Utah,2015,2995919,62912,925,1144,0.4971883418743965,0.5028116581256036,0.11257450741401986
50,Vermont,2015,626042,56990,923,1191,0.5071384986949757,0.49286150130502426,0.10207788445690483
51,Virginia,2015,8382993,66262,1144,1268,0.5077741326993831,0.49222586730061685,0.11183240917104807
53,Washington,2015,7170351,64129,1080,1324,0.49999365442500654,0.5000063455749935,0.12190344229737556
54,West Virginia,2015,1844128,42019,675,501,0.5073232443734925,0.4926767556265075,0.17934511035661224
55,Wisconsin,2015,5771337,55638,792,1034,0.503009961123393,0.4969900388766069,0.12062937716172473
56,Wyoming,2015,586107,60214,815,902,0.49650490439459005,0.50349509560541,0.11082106307845799
72,Puerto Rico,2015,3474182,18626,433,268,0.5229187762759694,0.47708122372403056,0.46064581626670376
01,Alabama,2016,4863300,46257,743,728,0.5155445890650382,0.48445541093496186,0.17088689690169148
02,Alaska,2016,741894,76440,1208,1360,0.47354608609855314,0.5264539139014468,0.09885243546676097
04,Arizona,2016,6931071,53558,976,975,0.5030742002210048,0.4969257997789952,0.16355752050849065
05,Arkansas,2016,2988248,44334,701,645,0.5084805544921305,0.49151944550786947,0.1722279145665366
06,California,2016,39250017,67739,1375,1691,0.5034083424728198,0.49659165752718015,0.14347069780489619
08,Colorado,2016,5540545,65685,1171,1292,0.4963129078457083,0.5036870921542916,0.11046123232048546
09,Connecticut,2016,3576452,73433,1115,1613,0.512043500094507,0.48795649990549295,0.0977451020517571
10,Delaware,2016,952065,61757,1048,1095,0.5165960307331957,0.4834039692668043,0.11674959864661914
11,District of Columbia,2016,681170,75506,1376,1957,0.5249482508037641,0.4750517491962359,0.1857596803231355
12,Florida,2016,20612439,50860,1086,958,0.5114183236636868,0.4885816763363132,0.1472666848989037
13,Georgia,2016,10310371,53559,933,990,0.5132910348230922,0.4867089651769078,0.15965945303286258
15,Hawaii,2016,1428557,74511,1483,1577,0.49735502328573516,0.5026449767142648,0.09325254310723298
16,Idaho,2016,1683140,51807,790,884,0.5002180448447544,0.49978195515524554,0.14368035183517772
17,Illinois,2016,12801539,60960,950,1163,0.5086743867280332,0.4913256132719668,0.12969929668373772
18,Indiana,2016,6633053,52314,768,818,0.5074158159146324,0.49258418408536764,0.14085257377653665
19,Iowa,2016,3134693,56247,741,847,0.5034065536880326,0.4965934463119674,0.1175645869909591
20,Kansas,2016,2907289,54935,789,885,0.5016480989678013,0.49835190103219873,0.12121744004665476
21,Kentucky,2016,4436974,46659,707,756,0.5087160754153619,0.4912839245846381,0.18471009103844588
22,Louisiana,2016,4681666,45146,808,692,0.5104563204636982,0.48954367953630185,0.20197614747151188
23,Maine,2016,1331479,53079,797,945,0.5112938318967104,0.48870616810328965,0.12480911995715953
24,Maryland,2016,6016447,78945,1314,1572,0.5150338729818446,0.4849661270181554,0.09663191277791792
25,Massachusetts,2016,6811779,75297,1179,1647,0.5146910961145392,0.4853089038854608,0.10443732812675638
26,Michigan,2016,9928300,52492,818,876,0.5081514458668654,0.49184855413313455,0.1496483161091042
27,Minnesota,2016,5519952,65599,912,1128,0.5021793667771024,0.4978206332228976,0.0988213728394476
28,Mississippi,2016,2988726,41754,728,625,0.517876847860928,0.482123152139072,0.2083615922325533
29,Missouri,2016,6093000,51746,771,866,0.5085096011816839,0.4914903988183161,0.13989991608921612
30,Montana,2016,1042520,50027,741,827,0.4954312627095883,0.5045687372904117,0.13322594427883175
31,Nebraska,2016,1907116,56927,769,930,0.5018006246080469,0.4981993753919531,0.11423291082072035
32,Nevada,2016,2940058,55180,1003,1103,0.4989374359281348,0.5010625640718652,0.1378789929054903
33,New Hampshire,2016,1334795,70936,1026,1440,0.5020044276461929,0.49799557235380715,0.07296470123930648
34,New Jersey,2016,8944469,76126,1244,1848,0.5114063227230147,0.4885936772769854,0.10444316754218348
35,New Mexico,2016,2081015,46748,804,752,0.5049415789890991,0.4950584210109009,0.19831974224410612
36,New York,2016,19745289,62909,1194,1358,0.5147171560770775,0.4852828439229226,0.14731122373258976
37,North Carolina,2016,10146788,50584,839,898,0.5137987508953572,0.4862012491046428,0.1539424357575986
38,North Dakota,2016,757953,60656,776,759,0.4852174211329726,0.5147825788670274,0.10722655956400946
39,Ohio,2016,11614373,52334,759,903,0.50995202237779,0.49004797762221,0.14577155538285563
40,Oklahoma,2016,3923561,49176,744,757,0.5047170159964379,0.4952829840035621,0.16285293000450723
41,Oregon,2016,4093465,57532,1015,1199,0.5050554969933785,0.4949445030066215,0.1334852060988119
42,Pennsylvania,2016,12784227,56907,881,975,0.5101096061576503,0.4898903938423496,0.1287202496455442
44,Rhode Island,2016,1056426,60596,948,1406,0.5159547379560897,0.4840452620439103,0.12789942237954427
45,South Carolina,2016,4961119,49501,841,806,0.5151611964961937,0.4848388035038063,0.15267552467949363
46,South Dakota,2016,865454,54467,706,834,0.4966017835725527,0.5033982164274473,0.13252485393387253
47,Tennessee,2016,6651194,48547,806,809,0.5118082557808418,0.48819174421915823,0.15767790943240842
48,Texas,2016,27862596,56565,956,1014,0.5036014232126826,0.4963985767873173,0.15645717761309727
49,Utah,2016,3051217,65977,954,1176,0.49589131156518856,0.5041086884348114,0.10215941424989715
50,Vermont,2016,624594,57677,925,1162,0.5070814000774904,0.49291859992250964,0.11886641214377489
51,Virginia,2016,8411808,68114,1159,1262,0.5083714464238841,0.49162855357611585,0.10988152960914001
53,Washington,2016,7288000,67106,1135,1353,0.5005864434687157,0.49941355653128433,0.11258476090877054
54,West Virginia,2016,1831102,43385,682,527,0.5079940931744927,0.49200590682550727,0.17925703360658546
55,Wisconsin,2016,5778709,56811,802,1018,0.5028438012711836,0.49715619872881645,0.11753706317684881
56,Wyoming,2016,585501,59882,840,904,0.49068404665406207,0.5093159533459379,0.11321167640400652
72,Puerto Rico,2016,3411307,20078,463,255,0.523476778841658,0.47652322115834195,0.4347949079785281
01,Alabama,2017,4874747,48123,750,716,0.5158936453522613,0.48410635464773866,0.16888918814281145
02,Alaska,2017,739795,73181,1201,1373,0.4785366216316682,0.5214633783683318,0.11105497507189731
04,Arizona,2017,7016270,56581,1020,1009,0.502909380625318,0.49709061937468196,0.14861800504574998
05,Arkansas,2017,3004279,45869,711,666,0.5074751712474108,0.49252482875258924,0.16403029707635064
06,California,2017,39536653,71805,1447,1745,0.5029915405332869,0.49700845946671307,0.1330189572471362
08,Colorado,2017,5607154,69117,1240,1353,0.4970409230779108,0.5029590769220892,0.1029183469801047
09,Connecticut,2017,3588184,74168,1125,1616,0.5121077960327564,0.4878922039672436,0.09594255300087522
10,Delaware,2017,961939,62852,1086,1160,0.5160711853870151,0.4839288146129848,0.13582160272186553
11,District of Columbia,2017,693972,82372,1499,1977,0.5258050757091064,0.4741949242908936,0.16638360867156493
12,Florida,2017,20984400,52594,1128,968,0.511338565791731,0.488661434208269,0.14047239853144786
13,Georgia,2017,10429379,56183,958,1004,0.5138041296610277,0.48619587033897227,0.14945739170064995
15,Hawaii,2017,1427538,77765,1573,1608,0.49819199208707576,0.5018080079129242,0.09545857189154154
16,Idaho,2017,1716943,52225,822,926,0.49752554394642107,0.502474456053579,0.128259800971366
17,Illinois,2017,12802023,62992,974,1172,0.5082886509421206,0.4917113490578794,0.12554287843937645
18,Indiana,2017,6666818,54181,793,835,0.5070883890935676,0.49291161090643243,0.13479208915848603
19,Iowa,2017,3145711,58570,760,879,0.5033666474765164,0.49663335252348356,0.10728072033724342
20,Kansas,2017,2913123,56422,815,905,0.5013691491914347,0.49863085080856523,0.11901034740338745
21,Kentucky,2017,4454189,48375,724,765,0.5072391405034676,0.49276085949653237,0.1724005812481454
22,Louisiana,2017,4684333,46145,836,708,0.5112014880240153,0.4887985119759846,0.19745919042608265
23,Maine,2017,1335907,56277,806,939,0.5098738160665376,0.4901261839334624,0.11067493790423727
24,Maryland,2017,6052177,80776,1337,1566,0.514914715812178,0.485085284187822,0.09283893706989779
25,Massachusetts,2017,6859819,77385,1208,1694,0.5140877623739052,0.4859122376260948,0.10452349615942393
26,Michigan,2017,9962311,54909,835,885,0.5074193126474369,0.49258068735256305,0.14159681116687675
27,Minnesota,2017,5576606,68388,939,1157,0.50136086357903,0.49863913642097,0.09493958626803523
28,Mississippi,2017,2984100,43529,742,595,0.5152732817264837,0.4847267182735163,0.19766382419024373
29,Missouri,2017,6113532,53578,800,872,0.5088446416899429,0.4911553583100571,0.13422111030821204
30,Montana,2017,1050493,53386,759,879,0.49894287729665976,0.5010571227033402,0.12471974489342741
31,Nebraska,2017,1920076,59970,801,975,0.5003984217291398,0.4996015782708601,0.10772381045319183
32,Nevada,2017,2998039,58003,1051,1139,0.49758758975450285,0.5024124102454971,0.13002157209931764
33,New Hampshire,2017,1342795,73381,1072,1477,0.5042124821733772,0.49578751782662284,0.07696216331074496
34,New Jersey,2017,9005644,80088,1284,1848,0.5117675093530235,0.4882324906469765,0.09994938400217411
35,New Mexico,2017,2088070,46744,813,743,0.5047369101610578,0.4952630898389422,0.19653534632594769
36,New York,2017,19849399,64894,1226,1379,0.5144489765156114,0.4855510234843886,0.14077471010619938
37,North Carolina,2017,10273419,52752,861,896,0.5134494173750725,0.4865505826249275,0.1470009817123357
38,North Dakota,2017,755393,61843,785,823,0.4859629358492864,0.5140370641507136,0.10321311295596794
39,Ohio,2017,11658609,54021,772,896,0.5102971546605602,0.4897028453394397,0.1397020782891742
40,Oklahoma,2017,3930864,50051,780,760,0.5041838130243123,0.4958161869756878,0.1582871776859179
41,Oregon,2017,4142776,60212,1079,1265,0.5041933235106122,0.4958066764893878,0.1323602824183343
42,Pennsylvania,2017,12805537,59195,893,996,0.5101711861048858,0.4898288138951143,0.12491579363051407
44,Rhode Island,2017,1059639,63870,941,1506,0.5156860024970769,0.48431399750292314,0.1162105961773334
45,South Carolina,2017,5024369,50570,848,796,0.5149834735466284,0.48501652645337157,0.15399347085231183
46,South Dakota,2017,869666,56521,722,834,0.4958650792373164,0.5041349207626836,0.13003595986130959
47,Tennessee,2017,6715984,51340,833,807,0.5127839792352096,0.48721602076479037,0.149538646753076
48,Texas,2017,28304596,59206,987,1038,0.5031654576521778,0.49683454234782226,0.14730649204629384
49,Utah,2017,3101833,68358,986,1213,0.4959648053263989,0.504035194673601,0.0971479375345808
50,Vermont,2017,623657,57513,950,1176,0.5064434456760687,0.49355655432393125,0.11309434503269085
51,Virginia,2017,8470020,71535,1179,1284,0.5084127310207059,0.491587268979294,0.10637154203661248
53,Washington,2017,7405743,70979,1216,1412,0.5005747566449443,0.49942524335505567,0.11028191516492333
54,West Virginia,2017,1815857,43469,690,516,0.5059269534990916,0.4940730465009084,0.19081265067658004
55,Wisconsin,2017,5795483,59305,819,1020,0.5029829265308862,0.4970170734691138,0.11329353783058652
56,Wyoming,2017,579315,60434,832,962,0.4894332099117061,0.510566790088294,0.11332137385403067
72,Puerto Rico,2017,3337177,19343,453,251,0.522950985218944,0.477049014781056,0.4441864509036914
01,Alabama,2018,4887871,49861,788,734,0.5152754645120544,0.4847245354879456,0.16802075977554184
02,Alaska,2018,737438,74346,1177,1364,0.48069939438976567,0.5193006056102344,0.10906281168977998
04,Arizona,2018,7171646,59246,1036,1023,0.5028855300442883,0.4971144699557117,0.1402305343851038
05,Arkansas,2018,3013825,47062,731,682,0.5100312725523214,0.4899687274476786,0.17245358659596752
06,California,2018,39557045,75277,1520,1785,0.5026536233937595,0.4973463766062404,0.12801452628690468
08,Colorado,2018,5695564,71953,1289,1377,0.4970189080484391,0.5029810919515609,0.0963762009101635
09,Connecticut,2018,3572665,76348,1171,1661,0.5128194219161326,0.4871805780838674,0.10419538541338993
10,Delaware,2018,967171,64805,1108,1157,0.5161931033912307,0.4838068966087693,0.12462132727315245
11,District of Columbia,2018,702455,85203,1516,2122,0.524228598273199,0.475771401726801,0.16150970582828
12,Florida,2018,21299325,55462,1182,987,0.511502078117499,0.48849792188250096,0.1360448441148588
13,Georgia,2018,10519475,58756,1008,1024,0.5132561273257458,0.4867438726742542,0.14344086891074984
15,Hawaii,2018,1420491,80212,1613,1657,0.499678632247582,0.500321367752418,0.08835269030010533
16,Idaho,2018,1754208,55583,848,952,0.4971189277440304,0.5028810722559697,0.11796043766256527
17,Illinois,2018,12741080,65030,995,1205,0.5082000897883068,0.4917999102116932,0.12125123651602025
18,Indiana,2018,6691878,55746,820,853,0.5074666633193253,0.49253333668067467,0.13139215698058684
19,Iowa,2018,3156145,59955,777,886,0.5041774062978729,0.4958225937021271,0.11240538505513363
20,Kansas,2018,2911510,58218,840,951,0.5020642209712486,0.4979357790287514,0.11967915687551316
21,Kentucky,2018,4468402,50247,779,773,0.5078730606601645,0.4921269393398356,0.16882952080354946
22,Louisiana,2018,4659978,47905,854,740,0.5114719425714027,0.4885280574285973,0.18627087313215993
23,Maine,2018,1338404,55602,839,962,0.5100627314323627,0.48993726856763725,0.11639621150267178
24,Maryland,2018,6042718,83242,1371,1595,0.5150609378097737,0.4849390621902263,0.089528678761162
25,Massachusetts,2018,6902149,79835,1295,1726,0.5145154067233263,0.4854845932766737,0.09961136267920445
26,Michigan,2018,9995915,56697,861,898,0.5071170573179143,0.49288294268208566,0.1405086532562918
27,Minnesota,2018,5611179,70315,969,1174,0.502068994769192,0.497931005230808,0.09640011631923946
28,Mississippi,2018,2986530,44717,777,623,0.5155484793388984,0.4844515206611017,0.19665866144132857
29,Missouri,2018,6126452,54478,830,891,0.5098035535086213,0.4901964464913787,0.13229731589536275
30,Montana,2018,1062305,55328,811,894,0.496583372948447,0.503416627051553,0.1302351315036117
31,Nebraska,2018,1929268,59566,830,979,0.5017732113941661,0.4982267886058339,0.11002846414147392
32,Nevada,2018,3034392,58646,1108,1195,0.49829356259837226,0.5017064374016278,0.12945516310614583
33,New Hampshire,2018,1356458,74991,1090,1481,0.5064779005321212,0.49352209946787884,0.07638684579186375
34,New Jersey,2018,8908520,81740,1336,1868,0.5116600737271736,0.48833992627282646,0.09521730792291926
35,New Mexico,2018,2095428,47169,830,751,0.5038526735349532,0.4961473264650468,0.1946895322501327
36,New York,2018,19542209,67844,1274,1410,0.5143172913563661,0.4856827086436339,0.13611988382547263
37,North Carolina,2018,10383620,53855,900,917,0.5134409772314472,0.4865590227685528,0.14037747498101813
38,North Dakota,2018,760077,63837,808,861,0.48528635914519186,0.5147136408548081,0.10679937176840136
39,Ohio,2018,11689442,56111,797,931,0.509634848267351,0.490365151732649,0.13893951438018204
40,Oklahoma,2018,3943079,51924,808,775,0.5054433350181419,0.4945566649818581,0.15606399641100574
41,Oregon,2018,4190713,63426,1130,1284,0.5036780137413371,0.4963219862586629,0.12559012064256472
42,Pennsylvania,2018,12807060,60905,927,1012,0.5102997877733063,0.4897002122266937,0.12246812974019687
44,Rhode Island,2018,1057315,64340,998,1502,0.5120659406137243,0.4879340593862756,0.12907919474179733
45,South Carolina,2018,5084127,52306,892,828,0.514428534141653,0.485571465858347,0.1527305503974515
46,South Dakota,2018,882235,56274,734,870,0.4952920707067845,0.5047079292932155,0.13095203180595458
47,Tennessee,2018,6770010,52375,861,841,0.5122324782385845,0.4877675217614154,0.15311434340656305
48,Texas,2018,28701845,60629,1046,1075,0.5035098266330962,0.49649017336690376,0.1489132176649668
49,Utah,2018,3161105,71414,1043,1252,0.49623407004829007,0.5037659299517099,0.09025331217791127
50,Vermont,2018,626299,60782,969,1184,0.5080337027521998,0.49196629724780017,0.10979092274403296
51,Virginia,2018,8517685,72577,1215,1292,0.5079956584447535,0.4920043415552465,0.1070470511290105
53,Washington,2018,7535591,74073,1316,1442,0.5001242769147105,0.49987572308528955,0.10256160448463542
54,West Virginia,2018,1805832,44097,735,552,0.504573515144266,0.4954264848557341,0.17803950553072867
55,Wisconsin,2018,5813568,60773,847,1030,0.5026665208009952,0.49733347919900484,0.11046939067665075
56,Wyoming,2018,577737,61584,818,957,0.4935082918352122,0.5064917081647878,0.11058550802841452
72,Puerto Rico,2018,3195153,20296,484,274,0.524149547768135,0.47585045223186495,0.4307613676674845
01,Alabama,2019,4903185,51734,807,753,0.5167200503346294,0.4832799496653706,0.1545705198666245
02,Alaska,2019,731545,75463,1201,1382,0.47995953769077776,0.5200404623092223,0.10079232197274861
04,Arizona,2019,7278717,62055,1101,1038,0.5025311466292754,0.49746885337072455,0.13468327350326703
05,Arkansas,2019,3017804,48952,742,662,0.5113317498419381,0.488668250158062,0.16207580646317646
06,California,2019,39512223,80440,1614,1835,0.5029185272618045,0.4970814727381955,0.11754324025363709
08,Colorado,2019,5758736,77127,1369,1466,0.4955568374726676,0.5044431625273323,0.09347072954771844
09,Connecticut,2019,3565287,78833,1177,1667,0.5109013664257603,0.4890986335742396,0.1003191496125066
10,Delaware,2019,973764,70176,1116,1182,0.5170410900382434,0.48295890996175667,0.11257996412527581
11,District of Columbia,2019,705749,92266,1603,2215,0.5262409156796538,0.4737590843203462,0.13451483639183942
12,Florida,2019,21477737,59227,1238,1025,0.5112145660411057,0.4887854339588943,0.12659920592464666
13,Georgia,2019,10617423,61980,1049,1059,0.5130526494046626,0.4869473505953375,0.1329693628555194
15,Hawaii,2019,1415872,83102,1651,1713,0.5000572085612258,0.4999427914387741,0.0933391729836891
16,Idaho,2019,1787065,60999,880,965,0.49747546955482874,0.5025245304451713,0.11173890188181392
17,Illinois,2019,12671821,69187,1020,1213,0.5093597834123446,0.4906402165876554,0.11480788855987158
18,Indiana,2019,6732219,57603,840,874,0.5068628932005925,0.4931371067994074,0.11903817915957671
19,Iowa,2019,3155070,61691,808,924,0.5022665107271788,0.4977334892728212,0.1116769937801943
20,Kansas,2019,2913314,62087,862,945,0.5035595201890356,0.4964404798109644,0.11432961018360574
21,Kentucky,2019,4467673,52295,773,786,0.5079754046457742,0.49202459535422577,0.16262534163069794
22,Louisiana,2019,4648794,51073,866,727,0.5120880813389451,0.4879119186610549,0.18997288676659854
23,Maine,2019,1344212,58924,870,999,0.5117362439853237,0.48826375601467625,0.10873629322904685
24,Maryland,2019,6045680,86738,1401,1634,0.5156850842254304,0.4843149157745696,0.09023542137136424
25,Massachusetts,2019,6892503,85843,1360,1776,0.5146094241816072,0.48539057581839284,0.094008800513188
26,Michigan,2019,9986857,59584,888,914,0.5077625523225174,0.4922374476774825,0.12986516479329885
27,Minnesota,2019,5639632,74593,1016,1200,0.5027661379324041,0.4972338620675959,0.08969096800676504
28,Mississippi,2019,2976149,45792,777,648,0.5178477287259475,0.48215227127405247,0.19604683090773195
29,Missouri,2019,6137428,57409,834,895,0.5098648815106263,0.49013511848937374,0.12937540158154887
30,Montana,2019,1068778,57153,831,896,0.49739796290717064,0.5026020370928294,0.12648343406714607
31,Nebraska,2019,1934408,63229,859,1020,0.500286392529394,0.499713607470606,0.09893381493362108
32,Nevada,2019,3080156,63276,1168,1230,0.4984737786008241,0.5015262213991759,0.12497172559321928
33,New Hampshire,2019,1359711,77933,1147,1534,0.5050712982391111,0.4949287017608889,0.07270137752137304
34,New Jersey,2019,8882190,85751,1376,1890,0.5110900577447679,0.4889099422552321,0.09161762677129531
35,New Mexico,2019,2096829,51945,847,759,0.5055829540701697,0.4944170459298302,0.1817703653378334
36,New York,2019,19453561,72108,1309,1424,0.5141861173900244,0.4858138826099756,0.1303053548292806
37,North Carolina,2019,10488084,57341,931,951,0.5142747712546925,0.48572522874530755,0.13590445326362094
38,North Dakota,2019,762062,64577,804,859,0.49041022908897175,0.5095897709110282,0.10572620443034376
39,Ohio,2019,11689100,58642,813,929,0.5096109195746464,0.4903890804253535,0.13068223522770658
40,Oklahoma,2019,3956971,54449,814,795,0.5040456450148358,0.49595435498516416,0.15176079315668353
41,Oregon,2019,4217737,67058,1185,1328,0.5045504259748771,0.49544957402512296,0.11377691801509571
42,Pennsylvania,2019,12801989,63463,951,1005,0.510034964098157,0.48996503590184304,0.12023182358403181
44,Rhode Island,2019,1059361,71169,1043,1491,0.5117613353710397,0.48823866462896026,0.10823239274837863
45,South Carolina,2019,5148714,56227,922,844,0.5173550133101198,0.4826449866898802,0.1384592168866743
46,South Dakota,2019,884659,59533,769,912,0.49194209294202623,0.5080579070579737,0.11928419653471371
47,Tennessee,2019,6829174,56071,904,851,0.512515715663417,0.48748428433658303,0.1385400634127984
48,Texas,2019,28995881,64034,1091,1103,0.5038687736371935,0.4961312263628065,0.13627701261675057
49,Utah,2019,3205958,75780,1098,1303,0.4976007171647289,0.5023992828352711,0.08906882719294135
50,Vermont,2019,623989,63001,980,1222,0.5045361376562728,0.4954638623437272,0.10165934928133816
51,Virginia,2019,8535519,76456,1254,1311,0.5077277667591157,0.49227223324088437,0.09937667864787084
53,Washington,2019,7614893,78687,1359,1509,0.499983519138089,0.500016480861911,0.09775436965673523
54,West Virginia,2019,1792147,48850,727,533,0.5056984722793387,0.4943015277206613,0.1602794629251603
55,Wisconsin,2019,5822434,64168,867,1046,0.5031624231378149,0.4968375768621851,0.10421637911486044
56,Wyoming,2019,578759,65003,822,1005,0.48855222985733265,0.5114477701426673,0.10105087945940575
72,Puerto Rico,2019,3193694,20474,482,255,0.5253164517326957,0.47468354826730425,0.43470994793492024
01,Alabama,2021,5039877,53913,861,760,0.5146913307606515,0.4853086692393485,0.16142826107235014
02,Alaska,2021,732673,77845,1259,1403,0.4770914173171388,0.5229085826828612,0.10486642139936297
04,Arizona,2021,7276316,69056,1253,1124,0.5011733959877498,0.49882660401225015,0.12753892629785896
05,Arkansas,2021,3025891,52528,820,737,0.5063665545123733,0.4936334454876266,0.1630794395522994
06,California,2021,39237836,84907,1750,1912,0.49999959223031565,0.5000004077696844,0.12299417464728123
08,Colorado,2021,5812069,82254,1491,1558,0.49363350641570153,0.5063664935842984,0.09713103961630157
09,Connecticut,2021,3605597,83771,1277,1660,0.5096387643987944,0.4903612356012056,0.10101060228291046
10,Delaware,2021,1003384,71091,1208,1175,0.5157307670841871,0.48426923291581286,0.11592203744859121
11,District of Columbia,2021,670050,90088,1668,2196,0.523878815013805,0.47612118498619505,0.16471918819246076
12,Florida,2021,21781128,63062,1348,1105,0.5080824096897094,0.49191759031029064,0.13128803635813124
13,Georgia,2021,10799566,66559,1153,1112,0.5120040934978313,0.4879959065021687,0.1402105663836461
15,Hawaii,2021,1441553,84857,1774,1790,0.49665118105265643,0.5033488189473436,0.11176261701435833
16,Idaho,2021,1900923,66474,1035,1048,0.4979738790050938,0.5020261209949062,0.11009680074760192
17,Illinois,2021,12671469,72205,1106,1234,0.5056323777456269,0.4943676222543732,0.12103817090343572
18,Indiana,2021,6805985,62743,905,895,0.5041230622753357,0.4958769377246644,0.12151469631124018
19,Iowa,2021,3193079,65600,847,957,0.4978930994190873,0.5021069005809127,0.11118088892200378
20,Kansas,2021,2934582,64124,904,969,0.49750594803621095,0.502494051963789,0.11683430111986727
21,Kentucky,2021,4509394,55573,830,825,0.5056258113617927,0.49437418863820726,0.1648181613732906
22,Louisiana,2021,4624047,52087,924,807,0.5110633607314112,0.48893663926858877,0.19622796441113682
23,Maine,2021,1372247,64767,945,1034,0.5092115340751338,0.4907884659248663,0.11518296825381404
24,Maryland,2021,6165129,90203,1473,1631,0.5128908089352227,0.4871091910647774,0.10265400167036115
25,Massachusetts,2021,6984723,89645,1487,1840,0.5120419234950334,0.48795807650496664,0.10374858670412734
26,Michigan,2021,10050811,63498,969,958,0.5048291127949774,0.49517088720502256,0.13062621688175044
27,Minnesota,2021,5707390,77720,1113,1246,0.4987782506539767,0.5012217493460233,0.09302191137618578
28,Mississippi,2021,2949965,48716,831,672,0.5134101591035826,0.48658984089641744,0.1936492771419895
29,Missouri,2021,6168187,61847,882,946,0.5063085798144576,0.49369142018554235,0.1268888887407364
30,Montana,2021,1104271,63249,883,959,0.4920531282628992,0.5079468717371007,0.11864734818458621
31,Nebraska,2021,1963692,66817,912,1076,0.49787492132167366,0.5021250786783263,0.10753876791076432
32,Nevada,2021,3143991,66274,1311,1281,0.4957978569277075,0.5042021430722925,0.1409475324635148
33,New Hampshire,2021,1388992,88465,1263,1535,0.500908572547574,0.4990914274524259,0.0722096357603129
34,New Jersey,2021,9267130,89296,1457,1899,0.5075541186969429,0.49244588130305716,0.10234116176654147
35,New Mexico,2021,2115877,53992,906,830,0.5026388584969731,0.4973611415030269,0.18434556980800607
36,New York,2021,19835913,74314,1409,1454,0.511160741630597,0.488839258369403,0.13909358923725168
37,North Carolina,2021,10551162,61972,1026,978,0.5119662649478797,0.48803373505212033,0.13404121495533372
38,North Dakota,2021,774948,66519,839,874,0.4844247614033458,0.5155752385966542,0.11083290227955422
39,Ohio,2021,11780017,62262,870,953,0.5069128508048842,0.49308714919511576,0.1339542062489424
40,Oklahoma,2021,3986639,55826,855,817,0.5021603410792901,0.4978396589207099,0.15647680526157262
41,Oregon,2021,4246155,71562,1282,1385,0.5003639763503688,0.4996360236496313,0.1218878724412329
42,Pennsylvania,2021,12964056,68957,1036,1038,0.5063557269422471,0.49364427305775294,0.12083270193809503
44,Rhode Island,2021,1095610,74008,1142,1602,0.5102372194485264,0.4897627805514736,0.11411085162785349
45,South Carolina,2021,5190705,59318,976,855,0.5141914248642525,0.48580857513574743,0.146480411001219
46,South Dakota,2021,895376,66143,830,949,0.49523998856346385,0.5047600114365361,0.1228872057658306
47,Tennessee,2021,6975218,59695,981,891,0.5106703475074184,0.4893296524925816,0.13617729016607374
48,Texas,2021,29527941,66963,1167,1192,0.5008452841327473,0.49915471586725263,0.14248253192356938
49,Utah,2021,3337975,79449,1208,1350,0.4922760056621155,0.5077239943378845,0.08560334106886487
50,Vermont,2021,645570,72431,1115,1264,0.5038601545920659,0.4961398454079341,0.1025528778217331
51,Virginia,2021,8642274,80963,1331,1361,0.5054622197815066,0.49453778021849343,0.10166907762401849
53,Washington,2021,7738692,84247,1484,1613,0.49638517723666997,0.50361482276333,0.09925249606576876
54,West Virginia,2021,1782959,51248,767,576,0.5023104849859139,0.49768951501408615,0.1682713923070006
55,Wisconsin,2021,5895908,67125,921,1076,0.49876270118190447,0.5012372988180955,0.10793186473593815
56,Wyoming,2021,578803,65204,889,1043,0.48858765417594585,0.5114123458240541,0.11351809954751131
72,Puerto Rico,2021,3263584,22237,504,259,0.5269032450214243,0.4730967549785757,0.4050513970407099
